<?xml version="1.0" encoding="UTF-8" standalone="no"?><DIAGRAMA ID="1" TIPO="tpConceitual" UniversalUnicID="128E-46-9BBA-8D-56D2-53-A2"><InfoDiagrama ID="1"><Versao Valor="3.0.0"/><Autores/><Observacao/><Width Valor="4096"/><Height Valor="4096"/><Alinhamento_v Valor="50"/><Alinhamento_h Valor="60"/><Zoom Valor="100"/><Fonte Estilo="1" Nome="Arial" Tamanho="12"/><Localizacao Left="0" Top="0"/><Realce Valor="false"/></InfoDiagrama><Entidade ID="2"><Bounds Height="58" Left="61" Top="117" Width="120"/><DisablePainted Valor="false"/><Texto>CLIENTE</Texto><Observacao/><Dicionario/><Fonte Estilo="1" Nome="Arial" Tamanho="12"/><Ancorado Valor="false"/><AtributosOcultos Valor=""/></Entidade><Entidade ID="3"><Bounds Height="58" Left="552" Top="111" Width="120"/><DisablePainted Valor="false"/><Texto>PROJETO</Texto><Observacao/><Dicionario/><Fonte Estilo="1" Nome="Arial" Tamanho="12"/><Ancorado Valor="false"/><AtributosOcultos Valor=""/></Entidade><Entidade ID="4"><Bounds Height="58" Left="310" Top="324" Width="120"/><DisablePainted Valor="false"/><Texto>PROFISSIONAL</Texto><Observacao/><Dicionario/><Fonte Estilo="1" Nome="Arial" Tamanho="12"/><Ancorado Valor="false"/><AtributosOcultos Valor=""/></Entidade><EntidadeAssociativa ID="6"><Bounds Height="58" Left="285" Top="117" Width="158"/><DisablePainted Valor="false"/><Texto>TRABALHO</Texto><Observacao/><Dicionario/><Fonte Estilo="1" Nome="Arial" Tamanho="12"/><Ancorado Valor="false"/><AtributosOcultos Valor=""/><Relacionamento ID="5"><DisablePainted Valor="false"/><Texto>solicita</Texto><Observacao/><Dicionario/><Fonte Estilo="1" Nome="Arial" Tamanho="12"/><Ancorado Valor="false"/></Relacionamento></EntidadeAssociativa><Ligacao ID="7"><DisablePainted Valor="false"/><Tag LinhaMestre="-1"/><Dashed Valor="false"/><Ancorado Valor="false"/><TemSetaPontaA Valor="false"/><TemSetaPontaB Valor="false"/><SetaAberta Valor="true"/><SetaLargura Valor="10"/><Inteligente Valor="true"/><Largura Valor="1"/><Ligacoes PontaA="2" PontaB="5"/><Pontos><Ponto Left="178" Top="136"/><Ponto Left="230" Top="136"/><Ponto Left="230" Top="150"/><Ponto Left="314" Top="150"/></Pontos><Cardinalidade ID="8"><Bounds Height="15" Left="188" Top="123" Width="35"/><DisablePainted Valor="false"/><Texto>Cardinalidade_1</Texto><Observacao/><Dicionario/><Fonte Estilo="1" Nome="Arial" Tamanho="12"/><Ancorado Valor="false"/><TamanhoAutmatico Valor="true"/><Card Valor="0"/><MovimentacaoManual Valor="false"/><Papel Valor=""/></Cardinalidade></Ligacao><Ligacao ID="9"><DisablePainted Valor="false"/><Tag LinhaMestre="-1"/><Dashed Valor="false"/><Ancorado Valor="false"/><TemSetaPontaA Valor="false"/><TemSetaPontaB Valor="false"/><SetaAberta Valor="true"/><SetaLargura Valor="10"/><Inteligente Valor="true"/><Largura Valor="1"/><Ligacoes PontaA="5" PontaB="3"/><Pontos><Ponto Left="407" Top="136"/><Ponto Left="494" Top="136"/><Ponto Left="494" Top="137"/><Ponto Left="548" Top="137"/></Pontos><Cardinalidade ID="10"><Bounds Height="15" Left="509" Top="124" Width="35"/><DisablePainted Valor="false"/><Texto>Cardinalidade_2</Texto><Observacao/><Dicionario/><Fonte Estilo="1" Nome="Arial" Tamanho="12"/><Ancorado Valor="false"/><TamanhoAutmatico Valor="true"/><Card Valor="2"/><MovimentacaoManual Valor="false"/><Papel Valor=""/></Cardinalidade></Ligacao><Relacionamento ID="11"><Bounds Height="50" Left="288" Top="228" Width="150"/><DisablePainted Valor="false"/><Texto>trabalha</Texto><Observacao/><Dicionario/><Fonte Estilo="1" Nome="Arial" Tamanho="12"/><Ancorado Valor="false"/></Relacionamento><Ligacao ID="12"><DisablePainted Valor="false"/><Tag LinhaMestre="-1"/><Dashed Valor="false"/><Ancorado Valor="false"/><TemSetaPontaA Valor="false"/><TemSetaPontaB Valor="false"/><SetaAberta Valor="true"/><SetaLargura Valor="10"/><Inteligente Valor="true"/><Largura Valor="1"/><Ligacoes PontaA="6" PontaB="11"/><Pontos><Ponto Left="370" Top="172"/><Ponto Left="370" Top="198"/><Ponto Left="360" Top="198"/><Ponto Left="360" Top="225"/></Pontos><Cardinalidade ID="13"><Bounds Height="15" Left="337" Top="182" Width="35"/><DisablePainted Valor="false"/><Texto>Cardinalidade_3</Texto><Observacao/><Dicionario/><Fonte Estilo="1" Nome="Arial" Tamanho="12"/><Ancorado Valor="false"/><TamanhoAutmatico Valor="true"/><Card Valor="2"/><MovimentacaoManual Valor="false"/><Papel Valor=""/></Cardinalidade></Ligacao><Ligacao ID="14"><DisablePainted Valor="false"/><Tag LinhaMestre="-1"/><Dashed Valor="false"/><Ancorado Valor="false"/><TemSetaPontaA Valor="false"/><TemSetaPontaB Valor="false"/><SetaAberta Valor="true"/><SetaLargura Valor="10"/><Inteligente Valor="true"/><Largura Valor="1"/><Ligacoes PontaA="11" PontaB="4"/><Pontos><Ponto Left="385" Top="267"/><Ponto Left="385" Top="298"/><Ponto Left="364" Top="298"/><Ponto Left="364" Top="320"/></Pontos><Cardinalidade ID="15"><Bounds Height="15" Left="331" Top="301" Width="35"/><DisablePainted Valor="false"/><Texto>Cardinalidade_4</Texto><Observacao/><Dicionario/><Fonte Estilo="1" Nome="Arial" Tamanho="12"/><Ancorado Valor="false"/><TamanhoAutmatico Valor="true"/><Card Valor="2"/><MovimentacaoManual Valor="false"/><Papel Valor=""/></Cardinalidade></Ligacao><Atributo ID="20"><Bounds Height="14" Left="90" Top="82" Width="93"/><DisablePainted Valor="false"/><Texto>documentos</Texto><Observacao/><Dicionario/><Fonte Estilo="1" Nome="Arial" Tamanho="12"/><Ancorado Valor="false"/><DirecaoFromInspector Valor="0"/><Autosize Valor="true"/><Identificador Valor="true"/><Opcional Valor="false"/><Multivalorado Valor="false"/><CardMinFromString Valor="1"/><CardMaxFromString Valor="n"/><TipoAtributo Valor=""/></Atributo><Ligacao ID="21"><DisablePainted Valor="false"/><Tag LinhaMestre="-1"/><Dashed Valor="false"/><Ancorado Valor="false"/><TemSetaPontaA Valor="false"/><TemSetaPontaB Valor="false"/><SetaAberta Valor="true"/><SetaLargura Valor="10"/><Inteligente Valor="true"/><Largura Valor="1"/><Ligacoes PontaA="20" PontaB="2"/><Pontos><Ponto Left="86" Top="86"/><Ponto Left="77" Top="86"/><Ponto Left="77" Top="103"/><Ponto Left="77" Top="103"/><Ponto Left="77" Top="113"/></Pontos></Ligacao><Atributo ID="24"><Bounds Height="14" Left="197" Top="71" Width="66"/><DisablePainted Valor="false"/><Texto>numero</Texto><Observacao/><Dicionario/><Fonte Estilo="1" Nome="Arial" Tamanho="12"/><Ancorado Valor="false"/><DirecaoFromInspector Valor="0"/><Autosize Valor="true"/><Identificador Valor="true"/><Opcional Valor="false"/><Multivalorado Valor="false"/><CardMinFromString Valor="1"/><CardMaxFromString Valor="n"/><TipoAtributo Valor=""/></Atributo><Ligacao ID="25"><DisablePainted Valor="false"/><Tag LinhaMestre="-1"/><Dashed Valor="false"/><Ancorado Valor="false"/><TemSetaPontaA Valor="false"/><TemSetaPontaB Valor="false"/><SetaAberta Valor="true"/><SetaLargura Valor="10"/><Inteligente Valor="true"/><Largura Valor="1"/><Ligacoes PontaA="24" PontaB="20"/><Pontos><Ponto Left="193" Top="75"/><Ponto Left="187" Top="75"/><Ponto Left="187" Top="86"/><Ponto Left="181" Top="86"/></Pontos></Ligacao><Atributo ID="28"><Bounds Height="14" Left="139" Top="196" Width="93"/><DisablePainted Valor="false"/><Texto>nome_razao</Texto><Observacao/><Dicionario/><Fonte Estilo="1" Nome="Arial" Tamanho="12"/><Ancorado Valor="false"/><DirecaoFromInspector Valor="0"/><Autosize Valor="true"/><Identificador Valor="false"/><Opcional Valor="false"/><Multivalorado Valor="false"/><CardMinFromString Valor="1"/><CardMaxFromString Valor="n"/><TipoAtributo Valor=""/></Atributo><Ligacao ID="29"><DisablePainted Valor="false"/><Tag LinhaMestre="-1"/><Dashed Valor="false"/><Ancorado Valor="false"/><TemSetaPontaA Valor="false"/><TemSetaPontaB Valor="false"/><SetaAberta Valor="true"/><SetaLargura Valor="10"/><Inteligente Valor="true"/><Largura Valor="1"/><Ligacoes PontaA="28" PontaB="2"/><Pontos><Ponto Left="135" Top="200"/><Ponto Left="126" Top="200"/><Ponto Left="126" Top="182"/><Ponto Left="126" Top="182"/><Ponto Left="126" Top="182"/><Ponto Left="126" Top="172"/></Pontos></Ligacao><Atributo ID="30"><Bounds Height="14" Left="97" Top="240" Width="99"/><DisablePainted Valor="false"/><Texto>telefone</Texto><Observacao/><Dicionario/><Fonte Estilo="1" Nome="Arial" Tamanho="12"/><Ancorado Valor="false"/><DirecaoFromInspector Valor="0"/><Autosize Valor="true"/><Identificador Valor="false"/><Opcional Valor="false"/><Multivalorado Valor="true"/><CardMinFromString Valor="1"/><CardMaxFromString Valor="n"/><TipoAtributo Valor=""/></Atributo><Ligacao ID="31"><DisablePainted Valor="false"/><Tag LinhaMestre="-1"/><Dashed Valor="false"/><Ancorado Valor="false"/><TemSetaPontaA Valor="false"/><TemSetaPontaB Valor="false"/><SetaAberta Valor="true"/><SetaLargura Valor="10"/><Inteligente Valor="true"/><Largura Valor="1"/><Ligacoes PontaA="30" PontaB="2"/><Pontos><Ponto Left="93" Top="244"/><Ponto Left="84" Top="244"/><Ponto Left="84" Top="204"/><Ponto Left="84" Top="204"/><Ponto Left="87" Top="204"/><Ponto Left="87" Top="172"/></Pontos></Ligacao><Atributo ID="33"><Bounds Height="14" Left="667" Top="76" Width="82"/><DisablePainted Valor="false"/><Texto>dtContrato</Texto><Observacao/><Dicionario/><Fonte Estilo="1" Nome="Arial" Tamanho="12"/><Ancorado Valor="false"/><DirecaoFromInspector Valor="0"/><Autosize Valor="true"/><Identificador Valor="false"/><Opcional Valor="false"/><Multivalorado Valor="false"/><CardMinFromString Valor="1"/><CardMaxFromString Valor="n"/><TipoAtributo Valor=""/></Atributo><Ligacao ID="34"><DisablePainted Valor="false"/><Tag LinhaMestre="-1"/><Dashed Valor="false"/><Ancorado Valor="false"/><TemSetaPontaA Valor="false"/><TemSetaPontaB Valor="false"/><SetaAberta Valor="true"/><SetaLargura Valor="10"/><Inteligente Valor="true"/><Largura Valor="1"/><Ligacoes PontaA="33" PontaB="3"/><Pontos><Ponto Left="663" Top="80"/><Ponto Left="654" Top="80"/><Ponto Left="654" Top="97"/><Ponto Left="654" Top="97"/><Ponto Left="654" Top="107"/></Pontos></Ligacao><Atributo ID="35"><Bounds Height="14" Left="732" Top="136" Width="73"/><DisablePainted Valor="false"/><Texto>idProjeto</Texto><Observacao/><Dicionario/><Fonte Estilo="1" Nome="Arial" Tamanho="12"/><Ancorado Valor="false"/><DirecaoFromInspector Valor="0"/><Autosize Valor="true"/><Identificador Valor="true"/><Opcional Valor="false"/><Multivalorado Valor="false"/><CardMinFromString Valor="1"/><CardMaxFromString Valor="n"/><TipoAtributo Valor=""/></Atributo><Ligacao ID="36"><DisablePainted Valor="false"/><Tag LinhaMestre="-1"/><Dashed Valor="false"/><Ancorado Valor="false"/><TemSetaPontaA Valor="false"/><TemSetaPontaB Valor="false"/><SetaAberta Valor="true"/><SetaLargura Valor="10"/><Inteligente Valor="true"/><Largura Valor="1"/><Ligacoes PontaA="35" PontaB="3"/><Pontos><Ponto Left="728" Top="140"/><Ponto Left="699" Top="140"/><Ponto Left="699" Top="140"/><Ponto Left="669" Top="140"/></Pontos></Ligacao><Atributo ID="37"><Bounds Height="14" Left="666" Top="190" Width="99"/><DisablePainted Valor="false"/><Texto>valorContrato</Texto><Observacao/><Dicionario/><Fonte Estilo="1" Nome="Arial" Tamanho="12"/><Ancorado Valor="false"/><DirecaoFromInspector Valor="0"/><Autosize Valor="true"/><Identificador Valor="false"/><Opcional Valor="false"/><Multivalorado Valor="false"/><CardMinFromString Valor="1"/><CardMaxFromString Valor="n"/><TipoAtributo Valor=""/></Atributo><Ligacao ID="38"><DisablePainted Valor="false"/><Tag LinhaMestre="-1"/><Dashed Valor="false"/><Ancorado Valor="false"/><TemSetaPontaA Valor="false"/><TemSetaPontaB Valor="false"/><SetaAberta Valor="true"/><SetaLargura Valor="10"/><Inteligente Valor="true"/><Largura Valor="1"/><Ligacoes PontaA="37" PontaB="3"/><Pontos><Ponto Left="662" Top="194"/><Ponto Left="653" Top="194"/><Ponto Left="653" Top="176"/><Ponto Left="653" Top="176"/><Ponto Left="653" Top="176"/><Ponto Left="653" Top="166"/></Pontos></Ligacao><Atributo ID="41"><Bounds Height="14" Left="625" Top="224" Width="118"/><DisablePainted Valor="false"/><Texto>valorProfissional</Texto><Observacao/><Dicionario/><Fonte Estilo="1" Nome="Arial" Tamanho="12"/><Ancorado Valor="false"/><DirecaoFromInspector Valor="0"/><Autosize Valor="true"/><Identificador Valor="false"/><Opcional Valor="false"/><Multivalorado Valor="false"/><CardMinFromString Valor="1"/><CardMaxFromString Valor="n"/><TipoAtributo Valor=""/></Atributo><Ligacao ID="42"><DisablePainted Valor="false"/><Tag LinhaMestre="-1"/><Dashed Valor="false"/><Ancorado Valor="false"/><TemSetaPontaA Valor="false"/><TemSetaPontaB Valor="false"/><SetaAberta Valor="true"/><SetaLargura Valor="10"/><Inteligente Valor="true"/><Largura Valor="1"/><Ligacoes PontaA="41" PontaB="3"/><Pontos><Ponto Left="621" Top="228"/><Ponto Left="612" Top="228"/><Ponto Left="612" Top="193"/><Ponto Left="612" Top="193"/><Ponto Left="616" Top="193"/><Ponto Left="616" Top="166"/></Pontos></Ligacao><Atributo ID="45"><Bounds Height="14" Left="490" Top="330" Width="76"/><DisablePainted Valor="false"/><Texto>matricula</Texto><Observacao/><Dicionario/><Fonte Estilo="1" Nome="Arial" Tamanho="12"/><Ancorado Valor="false"/><DirecaoFromInspector Valor="0"/><Autosize Valor="true"/><Identificador Valor="true"/><Opcional Valor="false"/><Multivalorado Valor="false"/><CardMinFromString Valor="1"/><CardMaxFromString Valor="n"/><TipoAtributo Valor=""/></Atributo><Ligacao ID="46"><DisablePainted Valor="false"/><Tag LinhaMestre="-1"/><Dashed Valor="false"/><Ancorado Valor="false"/><TemSetaPontaA Valor="false"/><TemSetaPontaB Valor="false"/><SetaAberta Valor="true"/><SetaLargura Valor="10"/><Inteligente Valor="true"/><Largura Valor="1"/><Ligacoes PontaA="45" PontaB="4"/><Pontos><Ponto Left="486" Top="334"/><Ponto Left="457" Top="334"/><Ponto Left="457" Top="334"/><Ponto Left="427" Top="334"/></Pontos></Ligacao><Atributo ID="47"><Bounds Height="14" Left="490" Top="357" Width="54"/><DisablePainted Valor="false"/><Texto>nome</Texto><Observacao/><Dicionario/><Fonte Estilo="1" Nome="Arial" Tamanho="12"/><Ancorado Valor="false"/><DirecaoFromInspector Valor="0"/><Autosize Valor="true"/><Identificador Valor="false"/><Opcional Valor="false"/><Multivalorado Valor="false"/><CardMinFromString Valor="1"/><CardMaxFromString Valor="n"/><TipoAtributo Valor=""/></Atributo><Ligacao ID="48"><DisablePainted Valor="false"/><Tag LinhaMestre="-1"/><Dashed Valor="false"/><Ancorado Valor="false"/><TemSetaPontaA Valor="false"/><TemSetaPontaB Valor="false"/><SetaAberta Valor="true"/><SetaLargura Valor="10"/><Inteligente Valor="true"/><Largura Valor="1"/><Ligacoes PontaA="47" PontaB="4"/><Pontos><Ponto Left="486" Top="361"/><Ponto Left="457" Top="361"/><Ponto Left="457" Top="361"/><Ponto Left="427" Top="361"/></Pontos></Ligacao><Atributo ID="49"><Bounds Height="14" Left="426" Top="403" Width="101"/><DisablePainted Valor="false"/><Texto>especialidade</Texto><Observacao/><Dicionario/><Fonte Estilo="1" Nome="Arial" Tamanho="12"/><Ancorado Valor="false"/><DirecaoFromInspector Valor="0"/><Autosize Valor="true"/><Identificador Valor="false"/><Opcional Valor="false"/><Multivalorado Valor="false"/><CardMinFromString Valor="1"/><CardMaxFromString Valor="n"/><TipoAtributo Valor=""/></Atributo><Ligacao ID="50"><DisablePainted Valor="false"/><Tag LinhaMestre="-1"/><Dashed Valor="false"/><Ancorado Valor="false"/><TemSetaPontaA Valor="false"/><TemSetaPontaB Valor="false"/><SetaAberta Valor="true"/><SetaLargura Valor="10"/><Inteligente Valor="true"/><Largura Valor="1"/><Ligacoes PontaA="49" PontaB="4"/><Pontos><Ponto Left="422" Top="407"/><Ponto Left="413" Top="407"/><Ponto Left="413" Top="389"/><Ponto Left="413" Top="389"/><Ponto Left="413" Top="389"/><Ponto Left="413" Top="379"/></Pontos></Ligacao></DIAGRAMA>